<metadata xml:lang="en"><Esri><CreaDate>20240426</CreaDate><CreaTime>14303700</CreaTime><ArcGISFormat>1.0</ArcGISFormat><SyncOnce>FALSE</SyncOnce><DataProperties><itemProps><itemName Sync="TRUE">NYC_Census_Blocks_2020.csv</itemName><itemLocation><linkage Sync="FALSE">withheld</linkage><protocol Sync="TRUE">Local Area Network</protocol></itemLocation><imsContentType Sync="TRUE">005</imsContentType><nativeExtBox><westBL Sync="TRUE">913175.003235</westBL><eastBL Sync="TRUE">1067382.508423</eastBL><southBL Sync="TRUE">120128.275635</southBL><northBL Sync="TRUE">272844.293823</northBL><exTypeCode Sync="TRUE">1</exTypeCode></nativeExtBox><itemSize Sync="TRUE">0.000</itemSize></itemProps><coordRef><type Sync="TRUE">Projected</type><geogcsn Sync="TRUE">GCS_North_American_1983</geogcsn><csUnits Sync="TRUE">Linear Unit: Foot_US (0.304801)</csUnits><projcsn Sync="TRUE">NAD_1983_StatePlane_New_York_Long_Island_FIPS_3104_Feet</projcsn><peXml Sync="TRUE">&lt;ProjectedCoordinateSystem xsi:type='typens:ProjectedCoordinateSystem' xmlns:xsi='http://www.w3.org/2001/XMLSchema-instance' xmlns:xs='http://www.w3.org/2001/XMLSchema' xmlns:typens='http://www.esri.com/schemas/ArcGIS/2.7.0'&gt;&lt;WKT&gt;PROJCS[&amp;quot;NAD_1983_StatePlane_New_York_Long_Island_FIPS_3104_Feet&amp;quot;,GEOGCS[&amp;quot;GCS_North_American_1983&amp;quot;,DATUM[&amp;quot;D_North_American_1983&amp;quot;,SPHEROID[&amp;quot;GRS_1980&amp;quot;,6378137.0,298.257222101]],PRIMEM[&amp;quot;Greenwich&amp;quot;,0.0],UNIT[&amp;quot;Degree&amp;quot;,0.0174532925199433]],PROJECTION[&amp;quot;Lambert_Conformal_Conic&amp;quot;],PARAMETER[&amp;quot;False_Easting&amp;quot;,984250.0],PARAMETER[&amp;quot;False_Northing&amp;quot;,0.0],PARAMETER[&amp;quot;Central_Meridian&amp;quot;,-74.0],PARAMETER[&amp;quot;Standard_Parallel_1&amp;quot;,40.66666666666666],PARAMETER[&amp;quot;Standard_Parallel_2&amp;quot;,41.03333333333333],PARAMETER[&amp;quot;Latitude_Of_Origin&amp;quot;,40.16666666666666],UNIT[&amp;quot;Foot_US&amp;quot;,0.3048006096012192],AUTHORITY[&amp;quot;EPSG&amp;quot;,2263]]&lt;/WKT&gt;&lt;XOrigin&gt;-120039300&lt;/XOrigin&gt;&lt;YOrigin&gt;-96540300&lt;/YOrigin&gt;&lt;XYScale&gt;3048.0060960121918&lt;/XYScale&gt;&lt;ZOrigin&gt;-100000&lt;/ZOrigin&gt;&lt;ZScale&gt;10000&lt;/ZScale&gt;&lt;MOrigin&gt;-100000&lt;/MOrigin&gt;&lt;MScale&gt;10000&lt;/MScale&gt;&lt;XYTolerance&gt;0.0032808333333333331&lt;/XYTolerance&gt;&lt;ZTolerance&gt;0.001&lt;/ZTolerance&gt;&lt;MTolerance&gt;0.001&lt;/MTolerance&gt;&lt;HighPrecision&gt;true&lt;/HighPrecision&gt;&lt;WKID&gt;102718&lt;/WKID&gt;&lt;LatestWKID&gt;2263&lt;/LatestWKID&gt;&lt;/ProjectedCoordinateSystem&gt;</peXml></coordRef><lineage><Process ToolSource="c:\program files (x86)\arcgis\desktop10.8\ArcToolbox\Toolboxes\Data Management Tools.tbx\CopyFeatures" Date="20240426" Time="143535">CopyFeatures c:\temp\BYTES_GP\Districts.gdb\nycb2020 C:\Temp\24B\GIS_OUTPUT\Districts\fgdb\Districts.gdb\nycb2020 # 0 0 0</Process><Process ToolSource="c:\program files (x86)\arcgis\desktop10.8\ArcToolbox\Toolboxes\Data Management Tools.tbx\CopyFeatures" Date="20240608" Time="230615">CopyFeatures M:\\GIS\BytesProduction\\Bytes_LION_Districts\\24B\GIS_OUTPUT\\Districts\\fgdb\\Districts.gdb\nycb2020 G:\Connections\arcsdegis\sde@GISPROD.sde\GISPROD.SDE.LION_nycb2020 # 0 0 0</Process><Process ToolSource="c:\program files\arcgis\pro\Resources\ArcToolbox\toolboxes\Conversion Tools.tbx\ExportFeatures" Date="20240618" Time="151930">ExportFeatures "2020 Census Blocks" "C:\Users\m_carper\NYC O365 HOSTED\Economic Development and Regional Planning - Documents\00 Admin\Hiring\Senior Data Analyst\NYC_Census_Blocks_2020.shp" # NOT_USE_ALIAS "CB2020 "CB2020" true true false 4 Text 0 0,First,#,2020 Census Blocks,CB2020,0,4;BoroCode "BoroCode" true true false 1 Text 0 0,First,#,2020 Census Blocks,BoroCode,0,1;BoroName "BoroName" true true false 32 Text 0 0,First,#,2020 Census Blocks,BoroName,0,32;CT2020 "CT2020" true true false 6 Text 0 0,First,#,2020 Census Blocks,CT2020,0,6;BCTCB2020 "BCTCB2020" true true false 11 Text 0 0,First,#,2020 Census Blocks,BCTCB2020,0,11;GEOID "GEOID" true true false 15 Text 0 0,First,#,2020 Census Blocks,GEOID,0,15" #</Process><Process ToolSource="c:\program files\arcgis\pro\Resources\ArcToolbox\toolboxes\Conversion Tools.tbx\FeatureClassToFeatureClass" Date="20240619" Time="122138">FeatureClassToFeatureClass NYC_Census_Blocks_2020 C:\Users\padu\Desktop\DCP\DCP.gdb NYC_Census_Blocks_2020 # "CB2020 "CB2020" true true false 4 Text 0 0,First,#,NYC_Census_Blocks_2020,CB2020,0,4;BoroCode "BoroCode" true true false 1 Text 0 0,First,#,NYC_Census_Blocks_2020,BoroCode,0,1;BoroName "BoroName" true true false 32 Text 0 0,First,#,NYC_Census_Blocks_2020,BoroName,0,32;CT2020 "CT2020" true true false 6 Text 0 0,First,#,NYC_Census_Blocks_2020,CT2020,0,6;BCTCB2020 "BCTCB2020" true true false 11 Text 0 0,First,#,NYC_Census_Blocks_2020,BCTCB2020,0,11;GEOID "GEOID" true true false 15 Text 0 0,First,#,NYC_Census_Blocks_2020,GEOID,0,15" #</Process><Process ToolSource="c:\program files\arcgis\pro\Resources\ArcToolbox\toolboxes\Conversion Tools.tbx\TableToTable" Date="20240624" Time="204735">TableToTable NYC_Census_Blocks_2020 C:\Users\padu\Desktop\DCP NYC_Census_Blocks_2020.csv # "CB2020 "CB2020" true true false 4 Text 0 0,First,#,NYC_Census_Blocks_2020,CB2020,0,4;BoroCode "BoroCode" true true false 1 Text 0 0,First,#,NYC_Census_Blocks_2020,BoroCode,0,1;BoroName "BoroName" true true false 32 Text 0 0,First,#,NYC_Census_Blocks_2020,BoroName,0,32;CT2020 "CT2020" true true false 6 Text 0 0,First,#,NYC_Census_Blocks_2020,CT2020,0,6;BCTCB2020 "BCTCB2020" true true false 11 Text 0 0,First,#,NYC_Census_Blocks_2020,BCTCB2020,0,11;GEOID "GEOID" true true false 15 Text 0 0,First,#,NYC_Census_Blocks_2020,GEOID,0,15;Shape_Length "Shape_Length" false true true 8 Double 0 0,First,#,NYC_Census_Blocks_2020,Shape_Length,-1,-1;Shape_Area "Shape_Area" false true true 8 Double 0 0,First,#,NYC_Census_Blocks_2020,Shape_Area,-1,-1" #</Process></lineage></DataProperties><SyncDate>20240624</SyncDate><SyncTime>20473400</SyncTime><ModDate>20240624</ModDate><ModTime>20473400</ModTime><scaleRange><minScale>150000000</minScale><maxScale>5000</maxScale></scaleRange></Esri><mdHrLv><ScopeCd value="005"/></mdHrLv><mdContact><editorSource>external</editorSource><editorDigest>8a4090e01f5f57bf9facfa428fb5afb</editorDigest><rpOrgName>New York City Department of City Planning (DCP)</rpOrgName><rpCntInfo><cntAddress><delPoint>120 Broadway, 31st Floor</delPoint><city>New York</city><adminArea>NY</adminArea><postCode>10271</postCode><eMailAdd>DCPopendata@planning.nyc.gov</eMailAdd></cntAddress></rpCntInfo><editorSave>True</editorSave><displayName>New York City Department of City Planning (DCP)</displayName><role><RoleCd value="010"/></role></mdContact><dataIdInfo><idPurp>Census Blocks from the 2020 US Census for New York City clipped to the shoreline.</idPurp><idAbs>&lt;DIV STYLE="text-align:Left;"&gt;&lt;DIV&gt;&lt;DIV&gt;&lt;P&gt;&lt;SPAN&gt;Census Blocks from the 2020 US Census for New York City clipped to the shoreline. These files are derived from the US Census Bureau's TIGER project and have been geographically modified to fit the New York City base map. Because some census blocks are under water not all census blocks are contained in this file, only census blocks that are partially or totally located on land have been mapped in this file.&lt;/SPAN&gt;&lt;/P&gt;&lt;/DIV&gt;&lt;/DIV&gt;&lt;/DIV&gt;</idAbs><idCredit>Department of City Planning (DCP)</idCredit><idCitation><resTitle>New York City Census Blocks (2020 US Census)</resTitle><citRespParty><editorSource>external</editorSource><editorDigest>8a4090e01f5f57bf9facfa428fb5afb</editorDigest><rpOrgName>New York City Department of City Planning (DCP)</rpOrgName><rpCntInfo><cntAddress><delPoint>120 Broadway, 31st Floor</delPoint><city>New York</city><adminArea>NY</adminArea><postCode>10271</postCode><eMailAdd>DCPopendata@planning.nyc.gov</eMailAdd></cntAddress></rpCntInfo><editorSave>True</editorSave><displayName>New York City Department of City Planning (DCP)</displayName><role><RoleCd value="010"/></role></citRespParty><date><createDate>4/16/2024</createDate><pubDate>5/6/2024</pubDate></date><resEd>24B</resEd><presForm><PresFormCd value="001" Sync="TRUE"></PresFormCd></presForm></idCitation><searchKeys><keyword>Census Block</keyword><keyword>2020</keyword><keyword>US Census Bureau</keyword><keyword>boundary</keyword><keyword>boundaries</keyword><keyword>districts</keyword><keyword>LION</keyword><keyword>CSCL</keyword><keyword>Department of City Planning</keyword><keyword>DCP</keyword><keyword>New York City</keyword><keyword>NYC</keyword><keyword>LIONdistricts</keyword></searchKeys><resConst><Consts><useLimit>&lt;DIV STYLE="text-align:Left;"&gt;&lt;DIV&gt;&lt;DIV&gt;&lt;P&gt;&lt;SPAN&gt;This dataset is being provided by the Department of City Planning (DCP) on DCP’s website for informational purposes only. DCP does not warranty the completeness, accuracy, content, or fitness for any particular purpose or use of the dataset, nor are any such warranties to be implied or inferred with respect to the dataset as furnished on the website. DCP and the City are not liable for any deficiencies in the completeness, accuracy, content, or fitness for any particular purpose or use the dataset, or applications utilizing the dataset, provided by any third party.&lt;/SPAN&gt;&lt;/P&gt;&lt;/DIV&gt;&lt;/DIV&gt;&lt;/DIV&gt;</useLimit></Consts></resConst><idPoC><editorSource>external</editorSource><editorDigest>8a4090e01f5f57bf9facfa428fb5afb</editorDigest><rpOrgName>New York City Department of City Planning (DCP)</rpOrgName><rpCntInfo><cntAddress><delPoint>120 Broadway, 31st Floor</delPoint><city>New York</city><adminArea>NY</adminArea><postCode>10271</postCode><eMailAdd>DCPopendata@planning.nyc.gov</eMailAdd></cntAddress></rpCntInfo><editorSave>True</editorSave><displayName>New York City Department of City Planning (DCP)</displayName><role><RoleCd value="010"/></role></idPoC><envirDesc Sync="TRUE">Microsoft Windows 10 Version 10.0 (Build 22631) ; Esri ArcGIS 12.7.0.26828</envirDesc><dataLang><languageCode value="eng" Sync="TRUE"/><countryCode value="USA" Sync="TRUE"/></dataLang><spatRpType><SpatRepTypCd value="001" Sync="TRUE"/></spatRpType><dataExt><geoEle><GeoBndBox esriExtentType="search"><exTypeCode Sync="TRUE">1</exTypeCode><westBL Sync="TRUE">-74.257159</westBL><eastBL Sync="TRUE">-73.699215</eastBL><northBL Sync="TRUE">40.915568</northBL><southBL Sync="TRUE">40.496010</southBL></GeoBndBox></geoEle></dataExt></dataIdInfo><eainfo><detailed Name="NYC_Census_Blocks_2020.csv"><enttyp><enttypl>nycb2020</enttypl><enttypt Sync="TRUE">Table</enttypt><enttypc Sync="TRUE">0</enttypc></enttyp><attr><attrlabl Sync="TRUE">OID_</attrlabl><attalias Sync="TRUE">OID_</attalias><attrtype Sync="TRUE">Integer</attrtype><attwidth Sync="TRUE">4</attwidth><atprecis Sync="TRUE">0</atprecis><attscale Sync="TRUE">0</attscale></attr><attr><attrlabl>BoroCode</attrlabl><attrdef>Borough code for the borough in which the census block is located.</attrdef><attrdomv><edom><edomv>1</edomv><edomvd>Manhattan</edomvd></edom><edom><edomv>2</edomv><edomvd>Bronx</edomvd></edom><edom><edomv>3</edomv><edomvd>Brooklyn</edomvd></edom><edom><edomv>4</edomv><edomvd>Queens</edomvd></edom><edom><edomv>5</edomv><edomvd>Staten Island</edomvd></edom></attrdomv><attrtype>String</attrtype><attwidth>1</attwidth><attalias Sync="TRUE">BoroCode</attalias><atprecis Sync="TRUE">0</atprecis><attscale Sync="TRUE">0</attscale></attr><attr><attrlabl>CB2020</attrlabl><attrdef>2020 census block number.</attrdef><attrtype>String</attrtype><attwidth>4</attwidth><attalias Sync="TRUE">CB2020</attalias><atprecis Sync="TRUE">0</atprecis><attscale Sync="TRUE">0</attscale></attr><attr><attrlabl>BoroName</attrlabl><attrdef>Borough Name.</attrdef><attrtype>String</attrtype><attwidth>32</attwidth><attalias Sync="TRUE">BoroName</attalias><atprecis Sync="TRUE">0</atprecis><attscale Sync="TRUE">0</attscale></attr><attr><attrlabl>CT2020</attrlabl><attrdef> 2020 census tract number.</attrdef><attrtype>String</attrtype><attwidth>6</attwidth><attalias Sync="TRUE">CT2020</attalias><atprecis Sync="TRUE">0</atprecis><attscale Sync="TRUE">0</attscale></attr><attr><attrlabl>BCTCB2020</attrlabl><attrdef>Merged string value of the BoroCode, 2020 census tract number, and 2020 census block number.</attrdef><attrtype>String</attrtype><attwidth>11</attwidth><attalias Sync="TRUE">BCTCB2020</attalias><atprecis Sync="TRUE">0</atprecis><attscale Sync="TRUE">0</attscale></attr><attr><attrlabl>GEOID</attrlabl><attrdef>Full Census Block number including the FIPS state and county code</attrdef><attrtype>String</attrtype><attwidth>15</attwidth><attalias Sync="TRUE">GEOID</attalias><atprecis Sync="TRUE">0</atprecis><attscale Sync="TRUE">0</attscale></attr><attr><attrlabl Sync="TRUE">Shape_Length</attrlabl><attalias Sync="TRUE">Shape_Length</attalias><attrtype Sync="TRUE">Double</attrtype><attwidth Sync="TRUE">8</attwidth><atprecis Sync="TRUE">0</atprecis><attscale Sync="TRUE">0</attscale><attrdef Sync="TRUE">Length of feature in internal units.</attrdef><attrdefs Sync="TRUE">Esri</attrdefs><attrdomv><udom Sync="TRUE">Positive real numbers that are automatically generated.</udom></attrdomv></attr><attr><attrlabl Sync="TRUE">Shape_Area</attrlabl><attalias Sync="TRUE">Shape_Area</attalias><attrtype Sync="TRUE">Double</attrtype><attwidth Sync="TRUE">8</attwidth><atprecis Sync="TRUE">0</atprecis><attscale Sync="TRUE">0</attscale><attrdef Sync="TRUE">Area of feature in internal units squared.</attrdef><attrdefs Sync="TRUE">Esri</attrdefs><attrdomv><udom Sync="TRUE">Positive real numbers that are automatically generated.</udom></attrdomv></attr></detailed></eainfo><mdLang><languageCode value="eng" Sync="TRUE"/><countryCode value="USA" Sync="TRUE"/></mdLang><distInfo><distFormat><formatName Sync="TRUE">Text File</formatName></distFormat><distTranOps><transSize Sync="TRUE">0.000</transSize></distTranOps></distInfo><mdHrLvName Sync="TRUE">non-geographic dataset</mdHrLvName><refSysInfo><RefSystem><refSysID><identCode code="2263" Sync="TRUE"/><idCodeSpace Sync="TRUE">EPSG</idCodeSpace><idVersion Sync="TRUE">5.3(9.0.0)</idVersion></refSysID></RefSystem></refSysInfo><spatRepInfo><VectSpatRep><geometObjs Name="NYC_Census_Blocks_2020"><geoObjTyp><GeoObjTypCd value="002" Sync="TRUE"></GeoObjTypCd></geoObjTyp><geoObjCnt Sync="TRUE">0</geoObjCnt></geometObjs><topLvl><TopoLevCd value="001" Sync="TRUE"></TopoLevCd></topLvl></VectSpatRep></spatRepInfo><spdoinfo><ptvctinf><esriterm Name="NYC_Census_Blocks_2020"><efeatyp Sync="TRUE">Simple</efeatyp><efeageom code="4" Sync="TRUE"></efeageom><esritopo Sync="TRUE">FALSE</esritopo><efeacnt Sync="TRUE">0</efeacnt><spindex Sync="TRUE">TRUE</spindex><linrefer Sync="TRUE">FALSE</linrefer></esriterm></ptvctinf></spdoinfo><mdDateSt Sync="TRUE">20240624</mdDateSt></metadata>
