Sector,2021 Employment
"Agriculture, Forestry, Fishing and Hunting",6.0
"Mining, Quarying, and Oil and Gas Extraction",0.0
Utilities,13.0
Construction,13927.0
Manufacturing,4582.0
Wholesale Trade,5020.0
Retail Trade,7295.0
Transportation and Warehousing,6678.0
Information,1410.0
Finance and Insurance,2871.0
Real Estate and Rental Leasing,1752.0
"Professional, Scientific, and Technical Services",2993.0
Management of Companies and Enterprises,238.0
"Administrative, Support,  Waste Management and Remidiation Services",15271.0
Educational Services,4042.0
Health Care and Social Assistance,6848.0
"Arts, Entertainment and Recreation",307.0
Accommodation and Food Services,3391.0
Other Services,2033.0
Public Administration,13077.0
Industrial,30226.0
Institutional,10890.0
Local Services,13026.0
Office,37612.0
Total,91754.0
